SGS GEOSOL LABORATÓRIOS LTDA.;;;;;Final Report;;;;;;;;;;;;;;;;;;;;;;;;;;;;;;;;;;;;;;;;;;;;;;;;;;;;;;;;;;
Client:;CPRM - Cia de Pesquisa de Recursos Minerais;;;;;;;;;;;;;;;;;;;;;;;;;;;;;;;;;;;;;;;;;;;;;;;;;;;;;;;;;;;;;;
File Created:;20/09/2011 14:22:00;;;;;;;;;;;;;;;;;;;;;;;;;;;;;;;;;;;;;;;;;;;;;;;;;;;;;;;;;;;;;;
Job Number:;GY1101236;;;;;;;;;;;;;;;;;;;;;;;;;;;;;;;;;;;;;;;;;;;;;;;;;;;;;;;;;;;;;;
Number of Samples:;96;;;;;;;;;;;;;;;;;;;;;;;;;;;;;;;;;;;;;;;;;;;;;;;;;;;;;;;;;;;;;;
Project:;C.C.4068-087;;;;;;;;;;;;;;;;;;;;;;;;;;;;;;;;;;;;;;;;;;;;;;;;;;;;;;;;;;;;;;
Shipment ID:;Lote 1619;;;;;;;;;;;;;;;;;;;;;;;;;;;;;;;;;;;;;;;;;;;;;;;;;;;;;;;;;;;;;;
P.O. Number:;;;;;;;;;;;;;;;;;;;;;;;;;;;;;;;;;;;;;;;;;;;;;;;;;;;;;;;;;;;;;;;
Received:;16/09/2011 14:22:00;;;;;;;;;;;;;;;;;;;;;;;;;;;;;;;;;;;;;;;;;;;;;;;;;;;;;;;;;;;;;;
;;;;;;;;;;;;;;;;;;;;;;;;;;;;;;;;;;;;;;;;;;;;;;;;;;;;;;;;;;;;;;;
;;Method;PREP_GY;PREP_GY;PREP_GY;PREP_GY;PREP_GY;PREP_GY;PREP_GY;PREP_GY;PREP_GY;PREP_GY;PREP_GY;ICP95A;ICP95A;ICP95A;ICP95A;ICP95A;ICP95A;ICP95A;ICP95A;ICP95A;ICP95A;ICP95A;ICP95A;ICP95A;ICP95A;ICP95A;ICP95A;ICP95A;ICP95A;ICP95A;IMS95A;IMS95A;IMS95A;IMS95A;IMS95A;IMS95A;IMS95A;IMS95A;IMS95A;IMS95A;IMS95A;IMS95A;IMS95A;IMS95A;IMS95A;IMS95A;IMS95A;IMS95A;IMS95A;IMS95A;IMS95A;IMS95A;IMS95A;IMS95A;IMS95A;IMS95A;IMS95A;IMS95A;IMS95A;IMS95A;IMS95A
;;Analyte;Umido;Seco;Cont massa B;Passante;Retido;Granul 2mm;Entrada Pu;Saida Pu;Controle Massa Pu;Retido 150;Granulometria_150;Al2O3;Ba;CaO;Cr2O3;Fe2O3;K2O;MgO;MnO;Na2O;Nb;P2O5;SiO2;Sr;TiO2;Y;Zn;Zr;LOI;Sum;Ag;Ce;Co;Cs;Cu;Dy;Er;Eu;Ga;Gd;Hf;Ho;La;Lu;Mo;Nb;Nd;Ni;Pr;Rb;Sm;Sn;Ta;Tb;Th;Tl;Tm;U;V;W;Yb
;;Unit;g;g;%;g;g;%;g;g;%;g;%;%;ppm;%;%;%;%;%;%;%;ppm;%;%;ppm;%;ppm;ppm;ppm;%;%;ppm;ppm;ppm;ppm;ppm;ppm;ppm;ppm;ppm;ppm;ppm;ppm;ppm;ppm;ppm;ppm;ppm;ppm;ppm;ppm;ppm;ppm;ppm;ppm;ppm;ppm;ppm;ppm;ppm;ppm;ppm
;;MDL;0;0;0;0;0;0;0;0;0;0;0;0,01;10;0,01;0,01;0,01;0,01;0,01;0,01;0,01;10;0,01;0,01;10;0,01;10;5;10;0,01;0,01;1;0,1;0,5;0,05;5;0,05;0,05;0,05;0,1;0,05;0,05;0,05;0,1;0,05;2;0,05;0,1;5;0,05;0,2;0,1;0,3;0,05;0,05;0,1;0,5;0,05;0,05;5;0,1;0,1
Sample;;Type;;;;;;;;;;;;;;;;;;;;;;;;;;;;;;;;;;;;;;;;;;;;;;;;;;;;;;;;;;;;;
BRANCO_PREP;;ROCHA;N.A.;N.A.;N.A.;N.A.;N.A.;N.A.;N.A.;N.A.;N.A.;N.A.;N.A.;0,03;<10;0,04;<0.01;0,77;0,01;<0.01;<0.01;0,02;<10;<0.01;>90;<10;<0.01;<10;<5;10;0,32;98,99;<1;1,4;1,5;<0.05;<5;0,31;0,08;<0.05;<0.1;0,16;0,37;<0.05;4,8;0,08;<2;<0.05;1,6;<5;0,18;<0.2;0,1;<0.3;<0.05;<0.05;0,7;<0.5;<0.05;0,06;<5;<0.1;<0.1
VC-R-002-A;ICC0407;ROCHA;1190;1190;97,9;1015;150;12,88;310;310;100;1;0,32;0,3;14;27,23;<0.01;0,26;0,12;18,55;0,02;0,05;<10;0,05;7,08;51;0,02;<10;10;13;43,24;96,94;<1;16,4;2,2;<0.05;11;1,07;0,48;<0.05;8,4;1,15;0,48;0,17;34,1;0,06;<2;<0.05;8,1;64;1,87;2;1,1;<0.3;<0.05;<0.05;0,6;<0.5;<0.05;0,5;386;<0.1;<0.1
VC-R-002-B;ICC0408;ROCHA;N.A.;N.A.;N.A.;N.A.;N.A.;N.A.;N.A.;N.A.;N.A.;N.A.;N.A.;1,76;159;27,54;<0.01;1,53;0,49;17,55;0,36;0,1;<10;0,19;9,02;145;0,08;18;15;36;41,31;99,93;<1;20,2;6;0,39;8;2,9;1,2;0,15;11,8;2,01;0,79;0,31;15,2;0,12;<2;<0.05;10,1;26;2,07;10,9;2,1;<0.3;<0.05;0,21;1,2;<0.5;<0.05;1,04;44;<0.1;1
VC-R-003;ICC0409;ROCHA;N.A.;N.A.;N.A.;N.A.;N.A.;N.A.;N.A.;N.A.;N.A.;N.A.;N.A.;0,1;<10;30,47;<0.01;0,18;0,06;21,04;0,01;0,05;<10;0,06;2,62;39;0,01;<10;6;18;45,48;100,1;<1;5;1,1;<0.05;7;0,32;0,24;<0.05;9,8;<0.05;0,15;<0.05;14,2;<0.05;<2;<0.05;1,5;35;0,24;<0.2;0,1;<0.3;<0.05;<0.05;<0.1;<0.5;<0.05;0,82;221;<0.1;<0.1
VC-R-004;ICC0410;ROCHA;N.A.;N.A.;N.A.;N.A.;N.A.;N.A.;N.A.;N.A.;N.A.;N.A.;N.A.;0,54;24;29,08;<0.01;0,28;0,21;18,53;0,02;0,06;<10;0,36;4,93;58;0,03;<10;<5;15;43,8;97,84;<1;9,5;3,3;0,08;9;0,82;0,53;<0.05;9,2;0,43;0,27;<0.05;10,2;<0.05;<2;<0.05;4,7;18;0,7;3,9;0,8;<0.3;<0.05;<0.05;<0.1;<0.5;<0.05;1,52;42;<0.1;<0.1
VC-R-004-B;ICC0411;ROCHA;N.A.;N.A.;N.A.;N.A.;N.A.;N.A.;N.A.;N.A.;N.A.;N.A.;N.A.;1,18;63;25,09;<0.01;0,87;0,34;14,97;0,03;0,12;<10;0,11;18,56;230;0,06;<10;53;19;37,48;98,82;<1;15,5;2,1;0,3;10;0,83;0,79;<0.05;10,6;0,75;0,51;0,06;17,5;<0.05;<2;<0.05;9;31;1,67;9,9;1,1;<0.3;<0.05;<0.05;0,4;<0.5;<0.05;0,79;132;<0.1;0,1
VC-R-005;ICC0412;ROCHA;N.A.;N.A.;N.A.;N.A.;N.A.;N.A.;N.A.;N.A.;N.A.;N.A.;N.A.;0,83;82;26,69;<0.01;0,29;0,38;17,66;0,03;0,08;<10;0,02;15,08;54;0,02;<10;83;12;39,57;100,66;<1;6,1;1,7;<0.05;11;0,66;0,43;<0.05;12;0,53;0,12;<0.05;7;<0.05;<2;<0.05;2,8;20;0,45;6,7;0,5;<0.3;<0.05;<0.05;<0.1;<0.5;<0.05;0,76;38;<0.1;<0.1
VC-R-006;ICC0413;ROCHA;N.A.;N.A.;N.A.;N.A.;N.A.;N.A.;N.A.;N.A.;N.A.;N.A.;N.A.;0,29;15;26,88;<0.01;0,18;0,11;18,47;0,01;0,07;<10;0,02;8,15;44;0,01;<10;58;10;42,87;97,06;<1;10,5;103,5;<0.05;9;0,91;0,6;<0.05;11,1;0,79;0,16;<0.05;13,1;0,22;<2;<0.05;5,7;68;0,99;<0.2;0,8;2,2;<0.05;<0.05;<0.1;<0.5;<0.05;0,14;41;<0.1;<0.1
VC-R-008;ICC0414;ROCHA;N.A.;N.A.;N.A.;N.A.;N.A.;N.A.;N.A.;N.A.;N.A.;N.A.;N.A.;0,37;186;2,75;<0.01;10,67;0,04;0,97;0,09;0,07;<10;0,08;82,11;18;0,01;<10;64;24;4,08;101,24;<1;15,7;2,4;<0.05;14;1,43;0,74;<0.05;10,4;1,78;0,25;0,1;17,9;0,06;<2;<0.05;7;32;1,53;<0.2;1,7;<0.3;<0.05;0,16;0,5;<0.5;<0.05;0,35;75;<0.1;0,4
VC-R-009;ICC0415;ROCHA;N.A.;N.A.;N.A.;N.A.;N.A.;N.A.;N.A.;N.A.;N.A.;N.A.;N.A.;0,59;40;26,67;<0.01;1,51;0,12;17,17;0,36;0,2;<10;0,04;10,24;115;0,03;<10;16;17;41,64;98,57;<1;9;2,3;<0.05;8;0,75;0,75;<0.05;12,9;0,62;0,22;<0.05;15,1;0,09;<2;<0.05;5,4;41;0,66;<0.2;0,9;<0.3;<0.05;<0.05;<0.1;<0.5;<0.05;0,88;182;<0.1;0,3
VC-R-010-A;ICC0416;ROCHA;N.A.;N.A.;N.A.;N.A.;N.A.;N.A.;N.A.;N.A.;N.A.;N.A.;N.A.;0,3;33;6,69;<0.01;0,95;0,09;4,47;0,05;0,04;<10;0,02;76,61;21;0,02;<10;165;<10;10,15;99,39;<1;5,7;2;<0.05;11;0,51;0,26;<0.05;13,4;0,08;<0.05;<0.05;13,6;0,06;<2;<0.05;1,9;15;0,12;0,8;<0.1;<0.3;<0.05;<0.05;<0.1;<0.5;<0.05;1,07;49;<0.1;<0.1
VC-R-010-A-D;ICC0417;ROCHA;N.A.;N.A.;N.A.;N.A.;N.A.;N.A.;N.A.;N.A.;N.A.;N.A.;N.A.;0,17;27;9,75;<0.01;1,15;0,05;0,51;0,02;0,04;<10;0,1;79,96;16;0,01;<10;41;<10;8,24;99,99;<1;5,8;1,5;<0.05;14;0,16;0,14;<0.05;13,4;0,14;0,22;<0.05;11,3;0,06;<2;<0.05;1,7;29;0,36;<0.2;0,2;<0.3;<0.05;<0.05;<0.1;<0.5;<0.05;0,66;101;<0.1;<0.1
VC-R-010-B;ICC0418;ROCHA;N.A.;N.A.;N.A.;N.A.;N.A.;N.A.;N.A.;N.A.;N.A.;N.A.;N.A.;0,93;97;29,72;<0.01;0,28;0,38;16,87;0,03;0,05;<10;0,1;10,5;53;0,03;<10;11;16;41,29;100,19;<1;22,4;3,6;0,44;11;1,82;1,15;<0.05;13,9;1,63;0,9;0,1;41;0,15;<2;<0.05;8,7;72;2,18;9,3;1;<0.3;<0.05;0,08;1,1;<0.5;<0.05;1,63;311;<0.1;0,3
VC-R-010-C;ICC0419;ROCHA;N.A.;N.A.;N.A.;N.A.;N.A.;N.A.;N.A.;N.A.;N.A.;N.A.;N.A.;0,41;63;51,48;<0.01;0,2;0,12;1,2;0,02;0,05;<10;0,13;2,06;45;0,02;<10;14;16;42,84;98,52;<1;6;4,5;<0.05;9;0,38;0,21;<0.05;12,7;<0.05;0,24;<0.05;11,3;<0.05;<2;<0.05;3,2;30;0,39;1,4;0,5;1,5;<0.05;<0.05;<0.1;<0.5;<0.05;0,3;116;<0.1;<0.1
VC-R-011;ICC0420;ROCHA;N.A.;N.A.;N.A.;N.A.;N.A.;N.A.;N.A.;N.A.;N.A.;N.A.;N.A.;1,46;91;23,91;<0.01;0,53;0,61;15,29;0,01;0,18;<10;0,02;17,95;45;0,06;<10;32;22;36,92;96,95;<1;8,6;2;0,21;11;0,47;0,38;<0.05;13,5;0,43;0,69;<0.05;9,5;<0.05;<2;<0.05;4,2;17;0,79;21,7;0,8;<0.3;1,13;<0.05;0,6;<0.5;<0.05;0,17;27;20,7;0,1
VC-R-012;ICC0421;ROCHA;N.A.;N.A.;N.A.;N.A.;N.A.;N.A.;N.A.;N.A.;N.A.;N.A.;N.A.;0,24;27;27,23;<0.01;1,12;0,1;18,6;0,08;0,02;<10;0,02;2,98;92;0,01;<10;6;14;45,05;95,46;<1;4,8;1,2;<0.05;6;0,24;0,16;<0.05;13,2;<0.05;0,22;<0.05;8,8;0,06;<2;<0.05;1,6;24;0,3;2,6;0,2;5,9;0,85;<0.05;0,7;<0.5;<0.05;0,24;40;10,1;<0.1
VC-R-013;ICC0422;ROCHA;N.A.;N.A.;N.A.;N.A.;N.A.;N.A.;N.A.;N.A.;N.A.;N.A.;N.A.;1,12;78;27,09;<0.01;0,58;0,43;15,7;0,23;0,03;<10;0,17;16,29;78;0,06;<10;21;19;38,46;100,15;<1;11,8;3,2;0,82;11;1,2;0,57;<0.05;14,7;0,59;0,21;<0.05;10,3;1,18;<2;<0.05;6;21;1,32;14,7;1;<0.3;0,13;<0.05;0,9;<0.5;<0.05;1,07;26;3,5;0,2
VC-R-014;ICC0423;ROCHA;N.A.;N.A.;N.A.;N.A.;N.A.;N.A.;N.A.;N.A.;N.A.;N.A.;N.A.;1,05;170;49,09;<0.01;0,43;0,22;0,84;0,04;0,02;<10;0,12;6,48;61;0,06;<10;16;23;41,43;99,79;<1;10,4;5,4;0,48;9;0,8;0,46;<0.05;12,9;0,44;0,63;<0.05;11,1;0,17;<2;<0.05;5,3;85;0,9;10,4;0,5;<0.3;<0.05;<0.05;0,3;<0.5;<0.05;0,27;34;0,6;<0.1
VC-R-015;ICC0424;ROCHA;N.A.;N.A.;N.A.;N.A.;N.A.;N.A.;N.A.;N.A.;N.A.;N.A.;N.A.;1,04;195;42,39;<0.01;0,62;0,22;6,3;0,03;0,03;<10;0,08;7,3;98;0,06;<10;12;32;41,59;99,66;<1;11,6;5,4;0,18;10;0,96;0,66;<0.05;14,1;0,36;0,45;<0.05;18,7;0,15;<2;<0.05;5,1;35;1,13;8,4;0,7;<0.3;<0.05;<0.05;<0.1;<0.5;<0.05;0,36;76;0,9;0,3
VC-R-016-A;ICC0425;ROCHA;1240;1220;99,18;1030;180;14,88;295;260;88,14;1;0,38;1,09;126;43,02;<0.01;0,5;0,25;4,21;0,02;0,03;<10;0,08;8,34;67;0,06;<10;<5;29;40,76;98,37;<1;11,5;3,5;0,47;7;0,87;0,4;0,21;1,2;1,08;0,3;0,11;12,1;0,13;<2;<0.05;6,2;30;1,5;10,9;1,3;<0.3;<0.05;0,08;0,7;<0.5;<0.05;0,26;68;<0.1;0,4
VC-R-016-B;ICC0426;ROCHA;N.A.;N.A.;N.A.;N.A.;N.A.;N.A.;N.A.;N.A.;N.A.;N.A.;N.A.;0,64;29;49,65;<0.01;0,36;0,2;2,81;0,03;0,06;<10;0,06;4,58;179;0,04;<10;13;29;41,84;100,27;<1;14,1;1,7;<0.05;10;0,85;0,61;<0.05;11,7;0,89;0,65;<0.05;14,2;0,06;<2;<0.05;4,8;30;1,54;4,1;0,9;<0.3;<0.05;<0.05;0,2;<0.5;<0.05;0,95;60;<0.1;0,1
VC-R-016-C;ICC0427;ROCHA;N.A.;N.A.;N.A.;N.A.;N.A.;N.A.;N.A.;N.A.;N.A.;N.A.;N.A.;0,79;136;0,38;<0.01;3,1;0,11;0,24;0,03;<0.01;<10;0,04;>90;11;0,03;14;13;56;0,48;102,69;<1;21;1,5;0,09;16;2,06;1,03;0,24;12,8;1,84;0,53;0,33;17,8;0,24;<2;<0.05;11,5;28;2,3;2,3;2;<0.3;<0.05;0,11;<0.1;<0.5;0,06;0,22;114;<0.1;1
VC-R-019;ICC0428;ROCHA;N.A.;N.A.;N.A.;N.A.;N.A.;N.A.;N.A.;N.A.;N.A.;N.A.;N.A.;0,31;86;0,48;<0.01;2,28;0,05;0,07;0,02;0,01;<10;0,06;>90;13;0,01;<10;9;81;0,24;103,97;<1;7;1,9;<0.05;10;1,37;0,69;0,07;11,8;0,41;0,69;0,17;8,6;0,17;<2;<0.05;3,6;23;0,56;<0.2;0,5;7;<0.05;0,07;0,3;<0.5;<0.05;<0.05;41;<0.1;0,4
VC-R-021;ICC0429;ROCHA;N.A.;N.A.;N.A.;N.A.;N.A.;N.A.;N.A.;N.A.;N.A.;N.A.;N.A.;1,32;167;44,56;<0.01;0,48;0,3;1,66;0,02;0,03;<10;0,11;8,54;76;0,07;<10;14;36;39,99;97,07;<1;11,6;101,5;0,55;11;0,99;0,55;<0.05;13,5;0,32;0,93;<0.05;11,6;0,06;<2;<0.05;5,5;68;1,26;10,7;0,7;<0.3;<0.05;<0.05;0,2;<0.5;<0.05;0,51;32;<0.1;0,6
VC-R-022;ICC0430;ROCHA;N.A.;N.A.;N.A.;N.A.;N.A.;N.A.;N.A.;N.A.;N.A.;N.A.;N.A.;1,44;133;44,44;<0.01;0,62;0,27;3,75;0,03;0,09;<10;0,07;8,86;71;0,07;<10;8;34;40,36;100;<1;12,7;4,6;0,38;12;0,94;0,68;<0.05;12,9;0,38;0,77;<0.05;13;0,06;<2;<0.05;5,6;29;1,11;9,4;1,1;<0.3;<0.05;<0.05;0,3;<0.5;<0.05;0,38;48;2,3;0,3
VC-R-024;ICC0431;ROCHA;N.A.;N.A.;N.A.;N.A.;N.A.;N.A.;N.A.;N.A.;N.A.;N.A.;N.A.;1,41;162;46,08;<0.01;0,4;0,3;1,34;0,02;0,1;<10;0,05;7,87;62;0,07;<10;115;29;40,24;97,87;<1;10,4;4,5;0,24;13;0,71;0,45;<0.05;11;0,2;0,71;<0.05;12,2;0,49;<2;<0.05;4,8;19;1,11;10,2;0,5;<0.3;<0.05;<0.05;0,2;<0.5;<0.05;0,22;41;<0.1;0,2
VC-R-025;ICC0432;ROCHA;N.A.;N.A.;N.A.;N.A.;N.A.;N.A.;N.A.;N.A.;N.A.;N.A.;N.A.;0,42;169;51,31;<0.01;0,17;0,08;0,28;0,01;0,02;<10;0,07;9,5;131;0,03;<10;8;23;40,39;102,28;<1;4,6;2,7;<0.05;10;0,29;0,17;<0.05;9;0,07;0,29;<0.05;6,3;0,09;<2;<0.05;2;24;0,22;1,7;0,2;<0.3;<0.05;<0.05;<0.1;<0.5;<0.05;0,96;63;<0.1;<0.1
VC-R-026;ICC0433;ROCHA;N.A.;N.A.;N.A.;N.A.;N.A.;N.A.;N.A.;N.A.;N.A.;N.A.;N.A.;0,12;49;2,41;<0.01;0,96;0,04;1,3;0,04;<0.01;<10;0,21;>90;15;0,01;<10;13;16;2,77;103,53;<1;5,5;1,4;<0.05;7;0,18;0,1;<0.05;9,1;0,2;0,1;<0.05;13,9;0,22;<2;<0.05;1,8;32;0,2;<0.2;<0.1;<0.3;<0.05;<0.05;<0.1;<0.5;<0.05;0,7;139;<0.1;<0.1
VC-R-027;ICC0434;ROCHA;N.A.;N.A.;N.A.;N.A.;N.A.;N.A.;N.A.;N.A.;N.A.;N.A.;N.A.;0,54;301;51,92;<0.01;0,23;0,12;0,45;0,01;0,1;<10;0,09;10,91;234;0,05;<10;8;24;40,47;104,91;<1;6,6;2,6;0,18;25;0,56;0,12;<0.05;8,6;<0.05;0,38;<0.05;12,7;<0.05;<2;<0.05;2,4;31;0,28;0,5;0,2;<0.3;<0.05;<0.05;<0.1;<0.5;<0.05;0,62;46;<0.1;<0.1
VC-R-028;ICC0435;ROCHA;N.A.;N.A.;N.A.;N.A.;N.A.;N.A.;N.A.;N.A.;N.A.;N.A.;N.A.;0,05;<10;52,64;<0.01;0,14;0,04;1,35;<0.01;0,03;<10;0,09;0,38;991;0,01;<10;<5;18;43,32;98,06;<1;4,2;1,2;<0.05;5;0,24;0,26;<0.05;6,5;<0.05;0,06;<0.05;12,2;<0.05;<2;<0.05;1;26;<0.05;<0.2;0,3;<0.3;<0.05;<0.05;<0.1;<0.5;<0.05;0,52;56;<0.1;<0.1
VC-R-029;ICC0436;ROCHA;N.A.;N.A.;N.A.;N.A.;N.A.;N.A.;N.A.;N.A.;N.A.;N.A.;N.A.;0,08;<10;57,95;<0.01;0,07;0,03;0,18;<0.01;0,02;<10;0,08;0,41;1100;<0.01;<10;<5;<10;43,2;102,02;<1;1,3;0,7;<0.05;8;<0.05;<0.05;<0.05;6,1;<0.05;<0.05;<0.05;3,1;<0.05;<2;<0.05;0,6;18;<0.05;<0.2;<0.1;<0.3;<0.05;<0.05;<0.1;<0.5;<0.05;0,72;21;<0.1;<0.1
VC-R-030;ICC0437;ROCHA;N.A.;N.A.;N.A.;N.A.;N.A.;N.A.;N.A.;N.A.;N.A.;N.A.;N.A.;0,56;81;46,76;<0.01;0,3;0,11;7,52;0,03;0,02;<10;0,17;3,28;56;0,04;<10;12;33;43,41;102,19;<1;5,7;3,4;0,15;13;0,37;0,26;<0.05;7,7;<0.05;0,41;<0.05;9,8;0,06;<2;<0.05;3;44;0,32;0,8;0,5;<0.3;<0.05;<0.05;<0.1;<0.5;<0.05;0,26;50;<0.1;<0.1
VC-R-031-A;ICC0438;ROCHA;N.A.;N.A.;N.A.;N.A.;N.A.;N.A.;N.A.;N.A.;N.A.;N.A.;N.A.;0,3;172;37,75;<0.01;2,59;0,1;13,28;0,25;0,04;<10;1,47;1,43;52;0,02;<10;113;13;42,62;99,86;<1;5,5;1,9;<0.05;13;0,98;0,6;<0.05;6,3;0,48;<0.05;<0.05;8,1;<0.05;<2;<0.05;2,9;28;0,34;<0.2;0,3;9,2;<0.05;<0.05;<0.1;<0.5;<0.05;1,26;90;<0.1;<0.1
VC-R-031-B;ICC0439;ROCHA;N.A.;N.A.;N.A.;N.A.;N.A.;N.A.;N.A.;N.A.;N.A.;N.A.;N.A.;0,02;<10;58,58;<0.01;0,04;0,01;0,22;<0.01;<0.01;<10;0,04;0,21;1056;<0.01;<10;8;<10;42,89;102,03;<1;0,5;<0.5;<0.05;5;0,11;0,08;<0.05;4;<0.05;<0.05;<0.05;2,2;<0.05;<2;<0.05;0,2;11;<0.05;<0.2;<0.1;<0.3;<0.05;<0.05;<0.1;<0.5;<0.05;0,66;16;<0.1;<0.1
VC-R-032;ICC0440;ROCHA;N.A.;N.A.;N.A.;N.A.;N.A.;N.A.;N.A.;N.A.;N.A.;N.A.;N.A.;0,32;151;58,03;<0.01;0,15;0,07;0,29;0,06;0,01;<10;0,12;1,83;73;0,02;<10;10;<10;43,11;104,01;<1;2,9;1,7;0,06;10;<0.05;0,12;<0.05;4,9;<0.05;0,06;<0.05;3,2;<0.05;<2;<0.05;0,9;11;<0.05;<0.2;<0.1;<0.3;<0.05;<0.05;<0.1;<0.5;<0.05;0,21;15;<0.1;<0.1
VC-R-033;ICC0441;ROCHA;N.A.;N.A.;N.A.;N.A.;N.A.;N.A.;N.A.;N.A.;N.A.;N.A.;N.A.;0,2;15;26,13;<0.01;0,26;0,07;17,65;0,02;0,04;<10;0,02;8,85;70;0,01;<10;<5;<10;42,21;95,46;<1;5,1;0,7;<0.05;9;0,17;0,11;<0.05;5,4;<0.05;0,06;<0.05;9,6;<0.05;<2;<0.05;1,5;28;<0.05;<0.2;<0.1;<0.3;<0.05;<0.05;<0.1;<0.5;<0.05;0,79;82;<0.1;<0.1
VC-R-035;ICC0442;ROCHA;N.A.;N.A.;N.A.;N.A.;N.A.;N.A.;N.A.;N.A.;N.A.;N.A.;N.A.;0,25;13;37,81;<0.01;0,16;0,05;12,1;0,04;0,07;<10;0,02;2,99;477;0,02;<10;53;11;43,84;97,35;<1;9,1;1,3;<0.05;7;0,57;0,7;0,99;3,5;1,33;0,44;0,4;17,4;0,34;15;0,42;3,9;32;2,43;9,4;1,3;3,4;5,69;0,49;0,7;<0.5;0,21;1,01;123;11;0,3
VC-R-036;ICC0443;ROCHA;N.A.;N.A.;N.A.;N.A.;N.A.;N.A.;N.A.;N.A.;N.A.;N.A.;N.A.;0,05;<10;50,96;<0.01;0,05;0,02;1,26;<0.01;<0.01;<10;0,05;0,29;424;0,01;<10;8;<10;42,92;95,61;<1;7,3;<0.5;<0.05;<5;0,32;0,22;<0.05;4,7;0,24;0,14;<0.05;20;0,06;<2;<0.05;2,2;14;0,58;1,8;<0.1;<0.3;1,96;<0.05;<0.1;<0.5;<0.05;0,88;63;<0.1;<0.1
VC-R-037;ICC0444;ROCHA;N.A.;N.A.;N.A.;N.A.;N.A.;N.A.;N.A.;N.A.;N.A.;N.A.;N.A.;0,08;16;56,02;<0.01;0,07;0,03;0,26;<0.01;0,03;<10;0,04;0,34;1058;0,01;<10;7;<10;43,54;100,42;<1;11,2;1,5;<0.05;9;0,73;0,25;<0.05;3,2;0,64;0,08;<0.05;29,7;0,1;2;<0.05;3,5;53;1,12;<0.2;0,4;<0.3;0,96;<0.05;<0.1;<0.5;<0.05;1,06;289;0,3;<0.1
VC-R-038;ICC0445;ROCHA;1460;1460;97,6;1290;135;9,47;290;280;96,55;1;0,36;0,06;<10;56,97;<0.01;0,04;0,02;0,42;<0.01;0,04;<10;0,05;0,54;763;<0.01;<10;7;<10;42,75;100,89;<1;5,9;0,7;<0.05;<5;0,3;0,12;<0.05;<0.1;0,66;<0.05;<0.05;10,3;0,08;<2;<0.05;2,2;22;0,66;<0.2;0,3;<0.3;<0.05;<0.05;<0.1;<0.5;<0.05;0,53;30;<0.1;<0.1
VC-R-039;ICC0446;ROCHA;N.A.;N.A.;N.A.;N.A.;N.A.;N.A.;N.A.;N.A.;N.A.;N.A.;N.A.;0,04;<10;28,75;<0.01;0,04;0,02;20,13;<0.01;0,05;<10;0,03;2,45;45;0,01;<10;54;10;45,4;96,94;<1;2,1;<0.5;<0.05;5;0,07;<0.05;<0.05;0,8;<0.05;<0.05;<0.05;7,3;0,09;<2;<0.05;0,8;20;<0.05;<0.2;<0.1;<0.3;<0.05;<0.05;<0.1;<0.5;<0.05;0,13;33;<0.1;<0.1
BRANCO_PREP;;ROCHA;N.A.;N.A.;N.A.;N.A.;N.A.;N.A.;N.A.;N.A.;N.A.;N.A.;N.A.;0,01;<10;0,06;<0.01;1,82;<0.01;<0.01;0,02;0,06;<10;<0.01;>90;<10;<0.01;<10;<5;<10;0,2;98,95;<1;1;0,7;<0.05;<5;<0.05;<0.05;<0.05;0,7;<0.05;<0.05;<0.05;3,7;0,08;<2;<0.05;0,2;<5;0,1;<0.2;<0.1;<0.3;<0.05;<0.05;<0.1;<0.5;<0.05;<0.05;<5;<0.1;<0.1
VC-R-040;ICC0447;ROCHA;N.A.;N.A.;N.A.;N.A.;N.A.;N.A.;N.A.;N.A.;N.A.;N.A.;N.A.;0,79;61;26,79;<0.01;0,31;0,27;18,18;0,09;0,05;<10;0,06;5;31;0,05;<10;11;20;43,89;95,48;<1;14,9;4,2;0,15;15;1,51;0,75;0,17;1,1;1,36;0,42;0,09;18,1;0,57;<2;<0.05;8;36;1,86;9,6;1,3;<0.3;<0.05;<0.05;0,4;<0.5;<0.05;0,24;111;<0.1;0,3
VC-R-041;ICC0448;ROCHA;N.A.;N.A.;N.A.;N.A.;N.A.;N.A.;N.A.;N.A.;N.A.;N.A.;N.A.;12,84;1615;0,88;<0.01;1,95;4,27;0,37;0,08;4,09;<10;0,06;73,49;179;0,24;36;18;176;0,8;99,04;<1;109,2;2,2;0,39;25;5,56;3,38;0,75;17,3;6,87;3,11;1,02;108,7;0,5;<2;3,53;62,3;16;16,64;115,3;10,6;<0.3;<0.05;0,77;5,1;<0.5;0,33;0,79;53;<0.1;2,8
VC-R-042;ICC0449;ROCHA;N.A.;N.A.;N.A.;N.A.;N.A.;N.A.;N.A.;N.A.;N.A.;N.A.;N.A.;0,16;<10;31,78;<0.01;0,07;0,06;17,65;<0.01;0,05;<10;0,04;1,1;116;0,02;<10;35;<10;45,92;96,85;<1;9,6;0,9;0,17;8;0,54;0,23;<0.05;<0.1;0,21;0,42;<0.05;22,9;<0.05;<2;<0.05;3,6;45;0,79;0,5;<0.1;<0.3;<0.05;<0.05;1;<0.5;<0.05;0,4;202;<0.1;<0.1
VC-R-043;ICC0450;ROCHA;N.A.;N.A.;N.A.;N.A.;N.A.;N.A.;N.A.;N.A.;N.A.;N.A.;N.A.;0,24;16;31,07;<0.01;0,09;0,1;17,73;<0.01;0,04;<10;0,05;1,78;91;0,02;<10;56;<10;45,29;96,41;<1;6,5;1,7;<0.05;7;0,44;<0.05;<0.05;<0.1;0,1;0,14;<0.05;13,3;<0.05;<2;<0.05;2,5;30;0,3;0,4;0,4;<0.3;<0.05;<0.05;0,3;<0.5;<0.05;0,68;60;<0.1;<0.1
VC-R-044;ICC0451;ROCHA;N.A.;N.A.;N.A.;N.A.;N.A.;N.A.;N.A.;N.A.;N.A.;N.A.;N.A.;0,29;<10;30,7;<0.01;0,22;0,13;19,05;<0.01;0,03;<10;0,05;2,76;70;0,02;<10;<5;13;45,05;98,31;<1;6,1;1;<0.05;7;0,21;0,19;<0.05;<0.1;<0.05;<0.05;<0.05;13,2;<0.05;<2;<0.05;2,3;21;0,21;1,1;0,2;<0.3;<0.05;<0.05;<0.1;<0.5;<0.05;0,42;61;<0.1;<0.1
VC-R-045;ICC0452;ROCHA;N.A.;N.A.;N.A.;N.A.;N.A.;N.A.;N.A.;N.A.;N.A.;N.A.;N.A.;0,28;<10;32,06;<0.01;0,21;0,12;22,56;0,01;0,03;<10;0,04;1,87;44;0,02;<10;<5;13;45,87;103,07;<1;5,6;1,6;<0.05;7;0,35;0,28;<0.05;<0.1;<0.05;0,19;<0.05;9,2;0,06;<2;<0.05;2,6;24;0,22;<0.2;0,2;<0.3;<0.05;<0.05;<0.1;<0.5;<0.05;0,09;39;<0.1;<0.1
VC-R-046;ICC0453;ROCHA;N.A.;N.A.;N.A.;N.A.;N.A.;N.A.;N.A.;N.A.;N.A.;N.A.;N.A.;0,25;<10;32,76;<0.01;0,2;0,09;20,67;0,01;0,02;<10;0,08;3,11;60;0,02;<10;6;<10;45,09;102,31;<1;4,7;0,9;<0.05;8;0,33;0,17;<0.05;<0.1;0,25;0,17;<0.05;8;0,12;<2;<0.05;2,4;24;0,15;<0.2;0,1;<0.3;<0.05;<0.05;<0.1;<0.5;<0.05;0,71;91;<0.1;<0.1
VC-R-047;ICC0454;ROCHA;N.A.;N.A.;N.A.;N.A.;N.A.;N.A.;N.A.;N.A.;N.A.;N.A.;N.A.;0,11;<10;31,96;<0.01;0,1;0,04;21,11;<0.01;0,03;<10;0,03;2,96;47;<0.01;<10;<5;<10;45,38;101,71;<1;5;0,5;<0.05;11;<0.05;0,15;<0.05;<0.1;<0.05;0,13;<0.05;10;<0.05;<2;<0.05;1,3;21;0,08;<0.2;<0.1;<0.3;<0.05;<0.05;<0.1;<0.5;<0.05;0,15;50;<0.1;<0.1
VC-R-048;ICC0455;ROCHA;N.A.;N.A.;N.A.;N.A.;N.A.;N.A.;N.A.;N.A.;N.A.;N.A.;N.A.;0,06;<10;31,11;<0.01;0,13;0,02;21,48;<0.01;0,09;<10;0,03;4,69;78;<0.01;<10;<5;13;44,78;102,41;<1;3,7;1;<0.05;5;0,61;0,17;<0.05;<0.1;0,21;<0.05;<0.05;8,8;0,06;<2;<0.05;2;19;0,08;<0.2;0,6;<0.3;<0.05;<0.05;<0.1;<0.5;<0.05;0,1;33;<0.1;<0.1
VC-R-049;ICC0456;ROCHA;N.A.;N.A.;N.A.;N.A.;N.A.;N.A.;N.A.;N.A.;N.A.;N.A.;N.A.;0,23;11;29,35;<0.01;0,37;0,1;20,29;0,03;0,03;<10;0,02;9,1;36;0,01;<10;7;<10;42,35;101,87;<1;5,5;1,1;<0.05;8;<0.05;<0.05;<0.05;<0.1;<0.05;<0.05;<0.05;8,1;0,08;<2;<0.05;1,8;19;0,16;<0.2;<0.1;<0.3;<0.05;<0.05;<0.1;<0.5;<0.05;0,2;35;<0.1;<0.1
VC-R-050;ICC0457;ROCHA;N.A.;N.A.;N.A.;N.A.;N.A.;N.A.;N.A.;N.A.;N.A.;N.A.;N.A.;0,07;<10;29,07;<0.01;0,11;0,02;20,27;0,02;0,02;<10;0,03;2,51;45;0,01;<10;<5;18;46,58;98,71;<1;7;0,7;<0.05;9;0,11;0,19;<0.05;<0.1;0,06;<0.05;<0.05;15,9;0,3;<2;<0.05;2,4;40;0,3;<0.2;0,2;<0.3;<0.05;<0.05;<0.1;<0.5;<0.05;0,58;156;<0.1;<0.1
VC-R-051-A;ICC0458;ROCHA;N.A.;N.A.;N.A.;N.A.;N.A.;N.A.;N.A.;N.A.;N.A.;N.A.;N.A.;0,19;13;24,09;<0.01;0,31;0,08;16,33;<0.01;0,03;<10;0,02;16,08;49;0,02;<10;22;<10;38,96;96,12;<1;4,5;1,3;<0.05;7;0,23;0,19;<0.05;<0.1;<0.05;<0.05;<0.05;11,5;0,25;<2;<0.05;1,5;26;<0.05;<0.2;0,2;<0.3;<0.05;<0.05;<0.1;<0.5;<0.05;0,65;43;<0.1;<0.1
VC-R-051-B;ICC0459;ROCHA;N.A.;N.A.;N.A.;N.A.;N.A.;N.A.;N.A.;N.A.;N.A.;N.A.;N.A.;0,32;11;6,76;<0.01;1,15;0,11;4,67;0,02;0,04;<10;0,03;71,96;21;0,02;<10;<5;14;10,4;95,49;<1;6,9;2,5;0,12;8;0,4;0,4;<0.05;0,3;0,26;0,26;<0.05;15,1;0,22;3;<0.05;2,3;37;0,93;5,3;0,5;<0.3;1,91;<0.05;0,1;<0.5;<0.05;0,85;49;1,7;<0.1
VC-R-052;ICC0460;ROCHA;N.A.;N.A.;N.A.;N.A.;N.A.;N.A.;N.A.;N.A.;N.A.;N.A.;N.A.;0,1;<10;27,87;<0.01;0,12;0,04;19,13;0,01;0,03;<10;0,03;3,7;35;0,01;<10;5;<10;44,84;95,87;<1;3,2;0,9;<0.05;<5;0,15;0,06;<0.05;<0.1;<0.05;0,1;<0.05;8,6;0,19;<2;<0.05;1;23;0,06;0,5;0,1;<0.3;<0.05;<0.05;<0.1;<0.5;<0.05;0,69;38;<0.1;<0.1
VC-R-052-B;ICC0461;ROCHA;N.A.;N.A.;N.A.;N.A.;N.A.;N.A.;N.A.;N.A.;N.A.;N.A.;N.A.;1,92;207;0,21;0,01;4,9;0,08;0,07;0,22;0,02;<10;<0.01;87,37;<10;0,11;<10;11;82;1,29;96,21;<1;62,3;12,3;0,86;18;1,4;0,92;0,08;4,8;1,52;1,64;0,2;17,9;0,28;<2;<0.05;11,4;38;2,75;5,1;2,4;<0.3;<0.05;0,06;2;<0.5;<0.05;0,46;76;<0.1;0,4
VC-R-053;ICC0462;ROCHA;N.A.;N.A.;N.A.;N.A.;N.A.;N.A.;N.A.;N.A.;N.A.;N.A.;N.A.;0,26;14;47,32;<0.01;0,19;0,07;4,86;<0.01;0,03;<10;<0.01;1,32;1183;0,02;<10;<5;<10;43,95;98,03;<1;9;90,6;<0.05;<5;0,34;0,28;<0.05;<0.1;0,3;0,4;<0.05;9,6;0,24;<2;<0.05;2,9;67;0,58;1;0,2;<0.3;<0.05;<0.05;0,4;<0.5;<0.05;0,87;56;<0.1;<0.1
VC-R-054;ICC0463;ROCHA;N.A.;N.A.;N.A.;N.A.;N.A.;N.A.;N.A.;N.A.;N.A.;N.A.;N.A.;0,26;13;52,33;<0.01;0,19;0,08;2,06;0,01;0,05;<10;<0.01;1,05;1045;0,02;<10;<5;<10;43,25;99,3;<1;5,3;0,8;<0.05;5;0,34;0,08;<0.05;1,4;<0.05;0,13;<0.05;9,4;0,19;<2;<0.05;1,9;28;0,23;0,6;0,3;<0.3;<0.05;<0.05;0,2;<0.5;<0.05;1,82;54;<0.1;<0.1
VC-R-057;ICC0464;ROCHA;745;740;95,95;605;105;14,79;350;340;97,14;1;0,29;0,12;<10;50,18;<0.01;0,09;0,05;0,91;<0.01;0,01;<10;0,02;0,66;1449;0,01;<10;<5;<10;43,12;95,17;<1;3,1;<0.5;<0.05;6;0,06;0,09;<0.05;<0.1;<0.05;<0.05;<0.05;4,9;0,15;<2;<0.05;0,9;23;<0.05;<0.2;0,1;<0.3;<0.05;<0.05;<0.1;<0.5;<0.05;0,71;23;<0.1;<0.1
VC-R-058;ICC0465;ROCHA;N.A.;N.A.;N.A.;N.A.;N.A.;N.A.;N.A.;N.A.;N.A.;N.A.;N.A.;0,13;<10;49,92;<0.01;0,14;0,05;2,58;<0.01;0,05;<10;<0.01;0,6;1394;0,01;<10;42;<10;43,65;97,12;<1;3,9;1;<0.05;12;0,17;0,15;<0.05;<0.1;<0.05;0,09;<0.05;9,3;0,2;<2;<0.05;1,5;27;0,11;<0.2;0,3;<0.3;<0.05;<0.05;<0.1;<0.5;<0.05;1,51;31;<0.1;<0.1
VC-R-059;ICC0466;ROCHA;N.A.;N.A.;N.A.;N.A.;N.A.;N.A.;N.A.;N.A.;N.A.;N.A.;N.A.;0,21;13;30,88;<0.01;0,18;0,07;19,99;0,01;0,07;<10;0,03;0,93;138;0,02;<10;<5;<10;46,26;98,63;<1;8,6;0,6;<0.05;6;0,43;0,19;<0.05;<0.1;0,39;0,15;<0.05;15,6;0,23;<2;<0.05;2,9;39;0,5;<0.2;0,2;<0.3;<0.05;<0.05;<0.1;<0.5;<0.05;0,89;129;<0.1;<0.1
VC-R-060;ICC0467;ROCHA;N.A.;N.A.;N.A.;N.A.;N.A.;N.A.;N.A.;N.A.;N.A.;N.A.;N.A.;0,4;23;32,24;<0.01;0,28;0,14;20,25;0,01;0,05;<10;0,04;1,24;137;0,03;<10;<5;20;46,33;101,01;<1;4,9;0,8;<0.05;5;0,44;0,26;<0.05;0,1;0,2;0,14;<0.05;9,8;0,22;<2;<0.05;1,4;23;0,2;1,6;<0.1;<0.3;<0.05;<0.05;<0.1;<0.5;<0.05;0,6;92;4,9;<0.1
VC-R-061;ICC0468;ROCHA;N.A.;N.A.;N.A.;N.A.;N.A.;N.A.;N.A.;N.A.;N.A.;N.A.;N.A.;0,25;17;31,38;<0.01;0,15;0,1;17,92;0,01;0,03;<10;0,04;0,9;167;0,02;<10;<5;<10;46,02;96,81;<1;4;0,6;<0.05;16;0,32;0,34;<0.05;<0.1;<0.05;0,06;<0.05;8,5;0,26;<2;<0.05;1,3;23;<0.05;0,3;0,1;<0.3;<0.05;<0.05;<0.1;<0.5;<0.05;0,41;53;<0.1;<0.1
VC-R-062;ICC0469;ROCHA;N.A.;N.A.;N.A.;N.A.;N.A.;N.A.;N.A.;N.A.;N.A.;N.A.;N.A.;0,82;82;29,63;<0.01;0,28;0,39;16,98;0,01;0,06;<10;0,02;9,48;163;0,03;<10;120;13;41,69;99,39;<1;4,2;1,1;0,13;18;0,41;0,15;<0.05;1;0,07;0,19;<0.05;5,5;0,22;<2;<0.05;1,4;15;<0.05;10,3;0,3;<0.3;<0.05;<0.05;<0.1;<0.5;<0.05;0,32;18;<0.1;<0.1
VC-R-063;ICC0470;ROCHA;N.A.;N.A.;N.A.;N.A.;N.A.;N.A.;N.A.;N.A.;N.A.;N.A.;N.A.;0,11;<10;34,45;<0.01;0,16;0,03;19,12;<0.01;0,03;<10;0,03;0,35;217;<0.01;<10;<5;<10;46,34;100,63;<1;2,3;<0.5;<0.05;6;0,18;0,06;<0.05;<0.1;<0.05;<0.05;<0.05;4,8;0,18;<2;<0.05;0,2;22;<0.05;<0.2;<0.1;<0.3;<0.05;<0.05;<0.1;<0.5;<0.05;0,32;46;<0.1;<0.1
VC-R-064;ICC0471;ROCHA;N.A.;N.A.;N.A.;N.A.;N.A.;N.A.;N.A.;N.A.;N.A.;N.A.;N.A.;0,24;<10;57,58;<0.01;0,11;0,06;0,42;<0.01;0,01;<10;0,08;1,4;3071;0,02;<10;<5;<10;42,64;102,57;<1;4,2;0,8;<0.05;6;0,54;0,1;<0.05;<0.1;<0.05;<0.05;<0.05;6,8;0,37;<2;<0.05;1,5;21;0,19;<0.2;0,2;<0.3;<0.05;<0.05;<0.1;<0.5;<0.05;0,93;28;<0.1;<0.1
VC-R-065;ICC0472;ROCHA;N.A.;N.A.;N.A.;N.A.;N.A.;N.A.;N.A.;N.A.;N.A.;N.A.;N.A.;0,13;<10;52,12;<0.01;0,17;0,02;0,24;<0.01;0,04;<10;0,04;0,91;3229;0,01;<10;<5;<10;43,32;97,01;<1;3,2;0,7;0,08;6;0,22;0,06;<0.05;<0.1;<0.05;<0.05;<0.05;8;0,16;<2;<0.05;0,8;21;<0.05;<0.2;0,1;<0.3;<0.05;<0.05;<0.1;<0.5;<0.05;0,59;33;<0.1;<0.1
VC-R-066;ICC0473;ROCHA;N.A.;N.A.;N.A.;N.A.;N.A.;N.A.;N.A.;N.A.;N.A.;N.A.;N.A.;0,26;12;33,55;<0.01;0,16;0,13;19,51;<0.01;0,08;<10;0,03;1,11;169;0,02;<10;33;<10;46,07;100,93;<1;1,9;0,6;<0.05;6;0,1;<0.05;<0.05;<0.1;<0.05;0,06;<0.05;3,2;0,14;<2;<0.05;0,5;12;<0.05;<0.2;<0.1;<0.3;<0.05;<0.05;<0.1;<0.5;<0.05;1,03;15;<0.1;<0.1
VC-R-067-A;ICC0474;ROCHA;N.A.;N.A.;N.A.;N.A.;N.A.;N.A.;N.A.;N.A.;N.A.;N.A.;N.A.;0,27;13;49,41;<0.01;0,19;0,11;1,84;0,01;<0.01;<10;0,02;1,16;1018;0,02;<10;<5;<10;43,1;96,15;<1;5,6;1,1;<0.05;6;0,37;0,23;<0.05;0,2;<0.05;<0.05;<0.05;14,3;0,31;<2;<0.05;1,7;26;0,19;<0.2;0,1;<0.3;<0.05;<0.05;<0.1;<0.5;<0.05;0,81;38;<0.1;<0.1
VC-R-067-B;ICC0475;ROCHA;N.A.;N.A.;N.A.;N.A.;N.A.;N.A.;N.A.;N.A.;N.A.;N.A.;N.A.;0,12;<10;31,58;<0.01;0,22;0,04;18,72;0,03;0,07;<10;0,01;0,33;210;0,01;<10;28;<10;46,55;97,68;<1;4,6;1,4;<0.05;<5;0,4;0,42;<0.05;<0.1;0,29;<0.05;<0.05;14,3;0,36;<2;<0.05;1,7;37;0,06;<0.2;0,3;<0.3;<0.05;<0.05;<0.1;<0.5;<0.05;0,63;55;<0.1;<0.1
VC-R-068;ICC0476;ROCHA;N.A.;N.A.;N.A.;N.A.;N.A.;N.A.;N.A.;N.A.;N.A.;N.A.;N.A.;24,07;506;0,06;0,02;8,83;5,28;1,72;0,02;0,07;<10;0,06;53,82;14;1,1;45;126;242;7,24;102,27;<1;35,4;7;8,9;36;7;4,44;0,91;37,5;6,13;5,04;1,32;55;0,85;<2;10,67;37,3;65;9,45;249,4;5,5;<0.3;<0.05;0,83;8,2;0,7;0,47;4,31;108;<0.1;3,8
VC-R-069;ICC0477;ROCHA;N.A.;N.A.;N.A.;N.A.;N.A.;N.A.;N.A.;N.A.;N.A.;N.A.;N.A.;1,8;65;30,63;<0.01;0,73;0,47;19,75;0,06;0,09;<10;0,11;5,61;167;0,09;<10;12;39;45,05;104,39;<1;11,6;1,8;0,42;11;0,98;0,65;<0.05;2,6;0,96;0,61;<0.05;19;0,29;<2;<0.05;6,7;37;1,36;19;1,1;<0.3;<0.05;<0.05;1,5;<0.5;<0.05;1,59;99;<0.1;0,4
VC-R-070;ICC0478;ROCHA;N.A.;N.A.;N.A.;N.A.;N.A.;N.A.;N.A.;N.A.;N.A.;N.A.;N.A.;0,36;20;52,33;<0.01;0,11;0,16;0,91;<0.01;0,03;<10;0,03;1,07;2476;0,02;<10;6;<10;42,76;97,78;<1;4,5;0,6;<0.05;5;0,36;0,2;<0.05;<0.1;<0.05;0,16;<0.05;7,5;0,22;<2;<0.05;2,3;15;0,18;2;0,3;<0.3;<0.05;<0.05;0,3;<0.5;<0.05;0,74;26;<0.1;<0.1
VC-R-071;ICC0479;ROCHA;N.A.;N.A.;N.A.;N.A.;N.A.;N.A.;N.A.;N.A.;N.A.;N.A.;N.A.;0,23;21;30,84;<0.01;0,17;0,07;20,56;0,02;0,06;<10;0,01;1,18;138;0,01;<10;<5;<10;46,04;99,2;<1;3,7;0,6;<0.05;<5;0,15;0,21;<0.05;<0.1;<0.05;0,06;<0.05;5,8;0,26;<2;<0.05;1,8;14;0,08;<0.2;<0.1;<0.3;<0.05;<0.05;<0.1;<0.5;<0.05;1,03;26;<0.1;<0.1
VC-R-072;ICC0480;ROCHA;N.A.;N.A.;N.A.;N.A.;N.A.;N.A.;N.A.;N.A.;N.A.;N.A.;N.A.;11,47;459;0,14;<0.01;9,44;1,73;0,55;0,04;0,06;<10;<0.01;66,84;14;1,37;13;19;260;3,58;95,22;<1;31,1;6,5;3,51;24;2,78;1,96;<0.05;18,6;1,6;5,51;0,42;19,6;0,53;<2;2,08;10,5;36;2,27;70,6;1,7;<0.3;<0.05;0,15;4;<0.5;0,17;1,77;168;<0.1;1,9
VC-R-073;ICC0481;ROCHA;N.A.;N.A.;N.A.;N.A.;N.A.;N.A.;N.A.;N.A.;N.A.;N.A.;N.A.;18,36;300;0,06;0,01;7,75;6,9;2,57;0,02;0,06;13;<0.01;63;11;1,03;22;96;297;4,2;103,96;<1;32,2;11,5;5,8;31;4,02;2,43;1,29;29,5;3,51;6,65;0,9;60,4;0,8;10;13,49;25,7;64;9,24;245,9;4,7;3,2;3,51;0,88;8,8;1;0,39;3,29;110;4;2,3
VC-R-074;ICC0482;ROCHA;N.A.;N.A.;N.A.;N.A.;N.A.;N.A.;N.A.;N.A.;N.A.;N.A.;N.A.;0,21;10;31,06;<0.01;0,18;0,1;21,21;0,02;0,05;<10;<0.01;0,57;161;0,02;<10;93;<10;46,45;99,87;<1;3,6;0,8;<0.05;<5;0,26;0,26;<0.05;<0.1;<0.05;0,43;<0.05;5,7;0,28;<2;<0.05;2,1;12;0,47;3,9;0,3;<0.3;<0.05;<0.05;1,4;<0.5;<0.05;0,66;10;<0.1;<0.1
VC-R-075;ICC0483;ROCHA;N.A.;N.A.;N.A.;N.A.;N.A.;N.A.;N.A.;N.A.;N.A.;N.A.;N.A.;0,27;15;31,63;<0.01;0,42;0,1;19,35;0,02;0,06;<10;0,02;1,52;236;0,02;<10;<5;<10;45,38;98,79;<1;5,9;57,1;<0.05;5;0,8;0,46;<0.05;0,2;0,63;0,11;<0.05;6,2;0,25;<2;<0.05;2,8;36;0,34;2,7;0,7;<0.3;<0.05;<0.05;0,5;<0.5;<0.05;1,01;13;<0.1;<0.1
VC-R-076;ICC0484;ROCHA;1740;1740;99,14;1530;195;11,3;315;295;93,65;1;0,34;0,26;<10;33,27;<0.01;0,19;0,08;18,77;<0.01;0,06;<10;0,02;1,77;270;0,02;<10;<5;12;45,49;99,93;<1;4,2;0,8;<0.05;7;0,35;0,24;<0.05;<0.1;<0.05;0,13;<0.05;7,3;0,22;<2;<0.05;1,8;17;0,12;1,2;0,2;<0.3;<0.05;<0.05;0,3;<0.5;<0.05;1,14;24;<0.1;<0.1
VC-R-077;ICC0485;ROCHA;N.A.;N.A.;N.A.;N.A.;N.A.;N.A.;N.A.;N.A.;N.A.;N.A.;N.A.;0,08;<10;55,32;<0.01;0,14;0,04;1,21;<0.01;0,06;<10;0,04;0,35;822;0,01;<10;<5;<10;42,85;100,11;<1;2,9;0,7;<0.05;6;0,1;0,14;<0.05;<0.1;<0.05;0,14;<0.05;6,9;0,24;<2;<0.05;1,3;21;<0.05;<0.2;<0.1;<0.3;<0.05;<0.05;<0.1;<0.5;<0.05;0,99;40;<0.1;<0.1
VC-R-078-A;ICC0486;ROCHA;N.A.;N.A.;N.A.;N.A.;N.A.;N.A.;N.A.;N.A.;N.A.;N.A.;N.A.;0,06;<10;56,16;<0.01;0,06;0,05;0,24;<0.01;0,04;<10;0,04;0,28;3604;<0.01;<10;<5;<10;42,85;99,78;<1;1;<0.5;<0.05;6;<0.05;0,09;<0.05;<0.1;<0.05;<0.05;<0.05;3;0,24;<2;<0.05;0,2;13;<0.05;<0.2;<0.1;<0.3;<0.05;<0.05;<0.1;<0.5;<0.05;0,75;14;<0.1;<0.1
BRANCO_PREP;;ROCHA;N.A.;N.A.;N.A.;N.A.;N.A.;N.A.;N.A.;N.A.;N.A.;N.A.;N.A.;0,03;<10;0,06;<0.01;1,17;0,01;0,03;0,01;0,03;<10;<0.01;>90;17;<0.01;<10;<5;<10;0,1;101,16;<1;1,5;0,8;<0.05;<5;<0.05;<0.05;<0.05;<0.1;<0.05;<0.05;<0.05;3,9;0,28;<2;<0.05;0,7;<5;<0.05;<0.2;<0.1;<0.3;<0.05;<0.05;<0.1;<0.5;<0.05;<0.05;<5;<0.1;<0.1
VC-R-078-B;ICC0487;ROCHA;N.A.;N.A.;N.A.;N.A.;N.A.;N.A.;N.A.;N.A.;N.A.;N.A.;N.A.;0,04;<10;55,68;<0.01;0,02;0,03;0,23;<0.01;0,04;<10;0,05;0,33;3787;<0.01;<10;<5;<10;42,77;99,19;<1;1,4;0,7;<0.05;8;<0.05;0,08;<0.05;<0.1;<0.05;<0.05;<0.05;2,6;0,22;<2;<0.05;0,2;14;<0.05;<0.2;<0.1;<0.3;<0.05;<0.05;<0.1;<0.5;<0.05;0,6;18;<0.1;<0.1
VC-R-079;ICC0488;ROCHA;N.A.;N.A.;N.A.;N.A.;N.A.;N.A.;N.A.;N.A.;N.A.;N.A.;N.A.;0,03;<10;55,32;<0.01;0,03;0,02;0,28;<0.01;0,02;<10;0,05;0,17;2481;<0.01;<10;<5;<10;42,69;98,64;<1;2,2;<0.5;<0.05;5;<0.05;<0.05;<0.05;<0.1;<0.05;<0.05;<0.05;6,2;0,22;<2;<0.05;0,5;15;<0.05;<0.2;<0.1;<0.3;<0.05;<0.05;<0.1;<0.5;<0.05;0,57;20;<0.1;<0.1
VC-R-080;ICC0489;ROCHA;N.A.;N.A.;N.A.;N.A.;N.A.;N.A.;N.A.;N.A.;N.A.;N.A.;N.A.;0,03;<10;59,58;<0.01;0,07;0,02;0,12;<0.01;0,09;<10;0,04;0,16;3757;<0.01;<10;<5;<10;42,74;102,88;<1;2,2;0,7;<0.05;11;0,28;0,12;<0.05;<0.1;<0.05;<0.05;<0.05;6,4;0,14;<2;<0.05;0,6;23;<0.05;<0.2;<0.1;<0.3;<0.05;<0.05;<0.1;<0.5;<0.05;0,65;53;<0.1;<0.1
VC-R-081;ICC0490;ROCHA;N.A.;N.A.;N.A.;N.A.;N.A.;N.A.;N.A.;N.A.;N.A.;N.A.;N.A.;0,06;<10;56,68;<0.01;0,03;0,03;0,83;<0.01;0,05;<10;0,05;0,32;1109;<0.01;<10;<5;<10;42,74;100,79;<1;1,1;<0.5;<0.05;6;0,08;0,06;<0.05;<0.1;<0.05;<0.05;<0.05;3,2;0,25;<2;<0.05;0,7;17;<0.05;<0.2;<0.1;<0.3;<0.05;<0.05;<0.1;<0.5;<0.05;0,58;26;<0.1;<0.1
VC-R-082;ICC0491;ROCHA;N.A.;N.A.;N.A.;N.A.;N.A.;N.A.;N.A.;N.A.;N.A.;N.A.;N.A.;0,23;60;33,53;<0.01;0,29;0,08;20,42;0,02;0,06;<10;0,07;1,03;351;<0.01;<10;7;<10;45,78;101,53;<1;2,9;0,5;<0.05;5;0,53;0,42;<0.05;0,1;0,06;<0.05;<0.05;2,6;0,27;<2;<0.05;1,8;10;<0.05;<0.2;0,3;<0.3;<0.05;<0.05;<0.1;<0.5;<0.05;0,36;9;<0.1;0,2
VC-R-083;ICC0492;ROCHA;N.A.;N.A.;N.A.;N.A.;N.A.;N.A.;N.A.;N.A.;N.A.;N.A.;N.A.;0,5;31;32,17;<0.01;0,23;0,19;20,43;0,01;0,08;<10;0,04;1,84;190;0,03;<10;<5;11;45,66;101,17;<1;4,4;1,6;<0.05;7;0,46;0,24;<0.05;0,6;0,13;<0.05;<0.05;7,4;0,33;<2;<0.05;2,6;23;0,22;2,7;<0.1;0,4;<0.05;<0.05;<0.1;<0.5;<0.05;2,69;73;<0.1;<0.1
VC-R-084;ICC0493;ROCHA;N.A.;N.A.;N.A.;N.A.;N.A.;N.A.;N.A.;N.A.;N.A.;N.A.;N.A.;0,19;20;32,31;<0.01;0,21;0,07;21,27;0,01;0,05;<10;0,13;0,55;166;0,01;<10;<5;<10;46,23;101,03;<1;2,1;102,3;<0.05;7;0,22;0,11;<0.05;<0.1;<0.05;<0.05;<0.05;3,3;0,26;<2;<0.05;1;65;<0.05;<0.2;0,3;<0.3;<0.05;<0.05;<0.1;<0.5;<0.05;0,46;31;<0.1;<0.1
VC-R-085;ICC0494;ROCHA;N.A.;N.A.;N.A.;N.A.;N.A.;N.A.;N.A.;N.A.;N.A.;N.A.;N.A.;0,32;18;33,45;<0.01;0,14;0,12;18,83;<0.01;0,04;<10;0,02;1,26;218;0,02;<10;<5;14;45,66;99,87;<1;3,1;0,5;<0.05;6;0,14;0,06;<0.05;0,5;<0.05;<0.05;<0.05;6;0,24;<2;<0.05;1,3;11;<0.05;<0.2;0,1;<0.3;<0.05;<0.05;<0.1;<0.5;<0.05;0,94;18;<0.1;<0.1
VC-R-086;ICC0495;ROCHA;N.A.;N.A.;N.A.;N.A.;N.A.;N.A.;N.A.;N.A.;N.A.;N.A.;N.A.;0,05;<10;31,27;<0.01;0,01;0,03;21,04;<0.01;0,05;<10;0,1;0,18;126;<0.01;<10;<5;<10;46,42;99,15;<1;0,8;<0.5;<0.05;<5;0,11;0,21;<0.05;<0.1;<0.05;<0.05;<0.05;2,4;0,27;<2;<0.05;0,4;15;<0.05;<0.2;<0.1;<0.3;<0.05;<0.05;<0.1;<0.5;<0.05;0,99;12;<0.1;<0.1
VC-R-087-A;ICC0496;ROCHA;N.A.;N.A.;N.A.;N.A.;N.A.;N.A.;N.A.;N.A.;N.A.;N.A.;N.A.;24,11;666;0,05;0,01;8,85;3,54;1,27;0,03;0,05;<10;0,02;55,92;26;1,03;41;46;336;7,76;102,66;<1;71,5;9,6;11,08;34;7,26;4,11;1,25;40,4;6,55;6,75;1,21;56,6;0,77;<2;10,64;43,2;40;10,38;225,9;7,3;<0.3;<0.05;0,92;8,4;0,9;0,47;3,66;113;<0.1;3,8
VC-R-087-B;ICC0497;ROCHA;N.A.;N.A.;N.A.;N.A.;N.A.;N.A.;N.A.;N.A.;N.A.;N.A.;N.A.;3,92;18;0,06;<0.01;3,02;0,13;0,09;0,01;0,02;<10;<0.01;>90;<10;0,18;<10;9;243;1,38;99,33;<1;9,5;1,2;0,34;11;0,96;0,48;<0.05;5,5;0,48;4,82;<0.05;9,6;0,3;<2;<0.05;4,6;15;1,13;8,2;0,9;<0.3;<0.05;<0.05;2,5;<0.5;<0.05;1,03;29;<0.1;0,4
VC-R-088;ICC0498;ROCHA;N.A.;N.A.;N.A.;N.A.;N.A.;N.A.;N.A.;N.A.;N.A.;N.A.;N.A.;0,42;21;29,13;<0.01;0,24;0,18;20,13;<0.01;0,03;<10;0,05;9,33;56;0,02;<10;6;<10;42,26;101,8;<1;5,3;0,7;<0.05;7;0,36;0,18;0,12;0,5;0,63;0,14;<0.05;6,3;0,4;6;1,09;2,7;12;0,79;7;0,4;1,6;1,7;<0.05;0,2;<0.5;<0.05;0,55;34;4,7;<0.1
VC-R-089;ICC0499;ROCHA;N.A.;N.A.;N.A.;N.A.;N.A.;N.A.;N.A.;N.A.;N.A.;N.A.;N.A.;18,83;502;0,03;0,01;5,65;5,64;1,49;0,01;0,08;18;0,03;64,98;108;1,08;50;36;314;4,54;102,4;<1;79,3;2,9;7,57;18;8,57;5,19;1,5;23,6;8,03;6,29;1,54;60,9;1,04;5;18,14;45,9;35;12,81;173,9;9,1;4,4;4,16;1,14;8,7;0,6;0,72;3,16;128;7,5;4,7
Pulp Duplicates;;;;;;;;;;;;;;;;;;;;;;;;;;;;;;;;;;;;;;;;;;;;;;;;;;;;;;;;;;;;;;;
VC-R-088;ICC0498;REP;--;--;--;--;--;--;--;--;--;--;--;0,42;23;27,99;<0.01;0,28;0,22;19,27;<0.01;0,04;<10;0,05;9,22;58;0,03;<10;<5;18;42,26;99,8;--;--;--;--;--;--;--;--;--;--;--;--;--;--;--;--;--;--;--;--;--;--;--;--;--;--;--;--;--;--;--
VC-R-078-B;ICC0487;REP;--;--;--;--;--;--;--;--;--;--;--;0,06;<10;56,73;<0.01;0,02;0,02;0,23;<0.01;0,02;<10;0,06;0,32;3831;<0.01;<10;<5;<10;42,77;100,23;--;--;--;--;--;--;--;--;--;--;--;--;--;--;--;--;--;--;--;--;--;--;--;--;--;--;--;--;--;--;--
BRANCO_PREP;;REP;--;--;--;--;--;--;--;--;--;--;--;0,04;<10;0,06;<0.01;1,08;<0.01;<0.01;0,01;0,03;<10;<0.01;>90;<10;<0.01;<10;7;<10;0,1;101,35;--;--;--;--;--;--;--;--;--;--;--;--;--;--;--;--;--;--;--;--;--;--;--;--;--;--;--;--;--;--;--
BRANCO_PREP;;REP;--;--;--;--;--;--;--;--;--;--;--;<0.01;<10;0,05;<0.01;1,78;<0.01;<0.01;0,02;0,05;<10;<0.01;>90;<10;<0.01;<10;<5;<10;0,2;98,63;--;--;--;--;--;--;--;--;--;--;--;--;--;--;--;--;--;--;--;--;--;--;--;--;--;--;--;--;--;--;--
VC-R-039;ICC0446;REP;--;--;--;--;--;--;--;--;--;--;--;0,03;<10;29,2;<0.01;0,03;0,02;19,99;<0.01;0,05;<10;0,02;2,5;45;<0.01;<10;53;<10;45,4;97,26;--;--;--;--;--;--;--;--;--;--;--;--;--;--;--;--;--;--;--;--;--;--;--;--;--;--;--;--;--;--;--
VC-R-088;ICC0498;REP;--;--;--;--;--;--;--;--;--;--;--;--;--;--;--;--;--;--;--;--;--;--;--;--;--;--;--;--;--;--;<1;5,3;0,8;<0.05;5;0,38;0,18;<0.05;0,4;0,58;0,15;<0.05;6,7;0,3;4;1,27;2,9;17;0,93;7,9;0,5;1,7;1,51;<0.05;0,2;<0.5;<0.05;0,63;31;4,5;0,2
VC-R-078-B;ICC0487;REP;--;--;--;--;--;--;--;--;--;--;--;--;--;--;--;--;--;--;--;--;--;--;--;--;--;--;--;--;--;--;<1;1,2;<0.5;<0.05;<5;<0.05;0,08;<0.05;0,1;<0.05;<0.05;<0.05;2,8;0,19;<2;<0.05;0,3;11;<0.05;<0.2;<0.1;<0.3;<0.05;<0.05;<0.1;<0.5;<0.05;0,62;10;<0.1;<0.1
BRANCO_PREP;;REP;--;--;--;--;--;--;--;--;--;--;--;--;--;--;--;--;--;--;--;--;--;--;--;--;--;--;--;--;--;--;<1;1,5;0,7;<0.05;<5;<0.05;<0.05;<0.05;<0.1;<0.05;<0.05;<0.05;3,9;0,14;<2;<0.05;0,6;<5;0,2;<0.2;0,1;<0.3;<0.05;<0.05;<0.1;<0.5;<0.05;<0.05;<5;<0.1;<0.1
BRANCO_PREP;;REP;--;--;--;--;--;--;--;--;--;--;--;--;--;--;--;--;--;--;--;--;--;--;--;--;--;--;--;--;--;--;<1;1,1;1,4;<0.05;<5;<0.05;<0.05;<0.05;0,7;<0.05;<0.05;<0.05;4,1;<0.05;<2;<0.05;0,2;<5;<0.05;<0.2;<0.1;<0.3;<0.05;<0.05;<0.1;<0.5;<0.05;<0.05;<5;<0.1;<0.1
VC-R-039;ICC0446;REP;--;--;--;--;--;--;--;--;--;--;--;--;--;--;--;--;--;--;--;--;--;--;--;--;--;--;--;--;--;--;<1;2,1;<0.5;<0.05;6;0,11;0,11;<0.05;0,8;<0.05;<0.05;<0.05;7,5;<0.05;<2;<0.05;0,9;25;<0.05;<0.2;0,2;<0.3;<0.05;<0.05;<0.1;<0.5;<0.05;0,22;35;<0.1;<0.1
VC-R-076;ICC0484;DUP;N.A.;N.A.;N.A.;N.A.;N.A.;N.A.;N.A.;N.A.;N.A.;N.A.;N.A.;0,25;10;33,81;<0.01;0,2;0,09;18,78;<0.01;0,05;<10;0,02;1,78;271;0,02;<10;<5;17;45,41;100,42;<1;4,3;0,5;<0.05;7;0,3;0,28;<0.05;<0.1;<0.05;0,16;<0.05;6,5;0,2;<2;<0.05;1,9;19;0,13;0,9;0,1;<0.3;<0.05;<0.05;0,2;<0.5;<0.05;1,24;23;<0.1;<0.1
VC-R-057;ICC0464;DUP;N.A.;N.A.;N.A.;N.A.;N.A.;N.A.;N.A.;N.A.;N.A.;N.A.;N.A.;0,12;<10;52,62;<0.01;0,09;0,06;0,96;<0.01;0,02;<10;<0.01;0,7;1511;0,01;<10;<5;<10;43,27;97,86;<1;3,5;1;<0.05;8;0,08;<0.05;<0.05;<0.1;<0.05;<0.05;<0.05;5,2;0,2;<2;<0.05;1;27;<0.05;<0.2;0,3;<0.3;<0.05;<0.05;<0.1;<0.5;<0.05;0,62;27;<0.1;<0.1
VC-R-038;ICC0445;DUP;N.A.;N.A.;N.A.;N.A.;N.A.;N.A.;N.A.;N.A.;N.A.;N.A.;N.A.;0,05;<10;55,33;<0.01;0,06;<0.01;0,41;<0.01;0,03;<10;0,05;0,53;749;0,01;<10;8;<10;42,47;98,95;<1;5,2;<0.5;0,06;<5;0,37;0,06;<0.05;<0.1;0,65;<0.05;<0.05;10,9;<0.05;<2;<0.05;1,9;20;0,55;<0.2;0,1;1,9;<0.05;<0.05;<0.1;<0.5;<0.05;0,59;46;<0.1;<0.1
VC-R-016-A;ICC0425;DUP;N.A.;N.A.;N.A.;N.A.;N.A.;N.A.;N.A.;N.A.;N.A.;N.A.;N.A.;1,04;121;42,84;<0.01;0,46;0,27;4,03;0,02;0,04;<10;0,08;7,98;65;0,06;<10;<5;26;40,78;97,61;<1;11,1;3,5;0,53;7;0,99;0,46;0,11;1,1;1,07;0,23;0,17;12;0,13;<2;<0.05;6;26;1,47;9,6;1;<0.3;<0.05;0,11;0,5;<0.5;<0.05;0,34;70;<0.1;0,3
Reference Materials;;;;;;;;;;;;;;;;;;;;;;;;;;;;;;;;;;;;;;;;;;;;;;;;;;;;;;;;;;;;;;;
TILL-3;;STD;--;--;--;--;--;--;--;--;--;--;--;12;472;2,63;0,02;3,79;2,41;1,66;0,07;2,72;15;0,11;68,16;309;0,47;13;53;222;N.A.;N.A.;--;--;--;--;--;--;--;--;--;--;--;--;--;--;--;--;--;--;--;--;--;--;--;--;--;--;--;--;--;--;--
GBM997-2;;STD;--;--;--;--;--;--;--;--;--;--;--;18,53;276;0,1;0,01;6,71;0,81;0,29;0,05;0,06;<10;0,01;53,44;16;0,78;17;29;235;N.A.;N.A.;--;--;--;--;--;--;--;--;--;--;--;--;--;--;--;--;--;--;--;--;--;--;--;--;--;--;--;--;--;--;--
TILL-2;;STD;--;--;--;--;--;--;--;--;--;--;--;15,9;523;1,33;0,01;5,53;3,06;1,74;0,1;2,22;23;0,17;60,14;157;0,88;36;125;397;N.A.;N.A.;--;--;--;--;--;--;--;--;--;--;--;--;--;--;--;--;--;--;--;--;--;--;--;--;--;--;--;--;--;--;--
TILL-3;;STD;--;--;--;--;--;--;--;--;--;--;--;12,38;486;2,68;0,02;4,09;2,5;1,69;0,07;2,71;<10;0,11;69,46;324;0,49;12;48;235;N.A.;N.A.;--;--;--;--;--;--;--;--;--;--;--;--;--;--;--;--;--;--;--;--;--;--;--;--;--;--;--;--;--;--;--
GBM997-2;;STD;--;--;--;--;--;--;--;--;--;--;--;21,97;312;0,05;0,01;7,96;0,94;0,33;0,05;0,11;15;<0.01;62,56;15;0,93;18;32;285;N.A.;N.A.;--;--;--;--;--;--;--;--;--;--;--;--;--;--;--;--;--;--;--;--;--;--;--;--;--;--;--;--;--;--;--
TILL-3;;STD;--;--;--;--;--;--;--;--;--;--;--;--;--;--;--;--;--;--;--;--;--;--;--;--;--;--;--;--;--;--;<1;40,8;17;1,58;32;3,56;1,43;0,51;30;3,1;4,7;0,4;20,4;0,3;2;7,08;22,1;45;5,79;52,9;3,6;<0.3;<0.05;0,42;4,7;<0.5;0,11;1,83;68;<0.1;1,5
GBM997-2;;STD;--;--;--;--;--;--;--;--;--;--;--;--;--;--;--;--;--;--;--;--;--;--;--;--;--;--;--;--;--;--;<1;66,8;12,3;2,91;790;4,4;2,39;1,29;30,3;4,32;5,15;0,68;39,9;0,36;7;1,95;27,9;50;7,24;40,3;5,6;<0.3;<0.05;0,46;8,3;<0.5;0,2;3,24;96;<0.1;2,2
TILL-2;;STD;--;--;--;--;--;--;--;--;--;--;--;--;--;--;--;--;--;--;--;--;--;--;--;--;--;--;--;--;--;--;<1;95,4;14,8;9,93;166;7,13;4,06;0,79;22,3;6,73;11,37;1,14;44,6;0,63;8;19,35;39,3;31;10,58;149,3;7,9;0,5;1,97;0,98;18,9;0,9;0,42;5,1;79;4,5;3,6
TILL-3;;STD;--;--;--;--;--;--;--;--;--;--;--;--;--;--;--;--;--;--;--;--;--;--;--;--;--;--;--;--;--;--;<1;39,4;14,2;1,6;30;2,65;1,49;0,42;17,6;1,84;4,36;0,21;22,1;0,28;3;7,11;15,9;47;3,86;52,1;3,5;<0.3;<0.05;0,17;5;<0.5;0,08;2,01;46;<0.1;1,1
GBM997-2;;STD;--;--;--;--;--;--;--;--;--;--;--;--;--;--;--;--;--;--;--;--;--;--;--;--;--;--;--;--;--;--;<1;65,4;11,1;3,22;691;4,12;2,6;1,29;27;4,06;5,71;0,67;35;0,71;18;7,2;28,1;42;6,9;43,2;6,2;<0.3;1,95;0,39;11,2;<0.5;0,28;3,69;120;11,2;2,2
;;;;;;;;;;;;;;;;;;;;;;;;;;;;;;;;;;;;;;;;;;;;;;;;;;;;;;;;;;;;;;;
;;;;;;;;;;;;;;;;;;;;;;;;;;;;;;;;;;;;;;;;;;;;;;;;;;;;;;;;;;;;;;;
;;;;;;;;;;;;;;;;;;;;;;;;;;;;;;;;;;;;;;;;;;;;;;;;;;;;;;;;;;;;;;;
;;;;;;;;;;;;;;;;;;;;;;;;;;;;;;;;;;;;;;;;;;;;;;;;;;;;;;;;;;;;;;;
;;;;;;;;;;;;;;;;;;;;;;;;;;;;;;;;;;;;;;;;;;;;;;;;;;;;;;;;;;;;;;;
;;;;;;;;;;;;;;;;;;;;;;;;;;;;;;;;;;;;;;;;;;;;;;;;;;;;;;;;;;;;;;;
;;;;;;;;;;;;;;;;;;;;;;;;;;;;;;;;;;;;;;;;;;;;;;;;;;;;;;;;;;;;;;;
;
;
;
;
;
;
;
;
;
;
;
;
;
;
;
;
;
;
;
;
;
;
;
;
;
;
;
;
;
;
;
;
;
;
;
;
;
;
;
;
;
